Season,Round,Day,Date,Home,Country (Home),Score (Home),Score (Away),Country (Away),Away,Venue,Referee
2023-2024,Round of 16,Tue,2024-02-13,RB Leipzig,Germany,0,1,Spain,Real Madrid,Red Bull Arena,Irfan Peljto
2023-2024,Round of 16,Tue,2024-02-13,FC Copenhagen,Denmark,1,3,England,Manchester City,Parken,José Sánchez
2023-2024,Round of 16,Wed,2024-02-14,Paris S-G,France,2,0,Spain,Real Sociedad,Parc des Princes,Marco Guida
2023-2024,Round of 16,Wed,2024-02-14,Lazio,Italy,1,0,Germany,Bayern Munich,Stadio Olimpico,François Letexier
2023-2024,Round of 16,Tue,2024-02-20,PSV Eindhoven,The Netherlands,1,1,Germany,Dortmund,Philips Stadion,Srđan Jovanović
2023-2024,Round of 16,Tue,2024-02-20,Inter,Italy,1,0,Spain,Atlético Madrid,Stadio Giuseppe Meazza,István Kovács
2023-2024,Round of 16,Wed,2024-02-21,Porto,Portugal,1,0,England,Arsenal,Estádio Do Dragão,Serdar Gözübüyük
2023-2024,Round of 16,Wed,2024-02-21,Napoli,Italy,1,1,Spain,Barcelona,Stadio Diego Armando Maradona,Felix Zwayer
2023-2024,Round of 16,Tue,2024-03-05,Bayern Munich,Germany,3,0,Italy,Lazio,Allianz Arena,Slavko Vinčič
2023-2024,Round of 16,Tue,2024-03-05,Real Sociedad,Spain,1,2,France,Paris S-G,Reale Arena,Michael Oliver
2023-2024,Round of 16,Wed,2024-03-06,Manchester City,England,3,1,Denmark,FC Copenhagen,Etihad Stadium,Espen Eskås
2023-2024,Round of 16,Wed,2024-03-06,Real Madrid,Spain,1,1,Germany,RB Leipzig,Estadio Santiago Bernabéu,Davide Massa
2023-2024,Round of 16,Tue,2024-03-12,Arsenal,England,1,0,Portugal,Porto,Emirates Stadium,Clément Turpin
2023-2024,Round of 16,Tue,2024-03-12,Barcelona,Spain,3,1,Italy,Napoli,Estadi Olímpic Lluís Companys,Danny Makkelie
2023-2024,Round of 16,Wed,2024-03-13,Atlético Madrid,Spain,2,1,Italy,Inter,Stadium Metropolitano,Szymon Marciniak
2023-2024,Round of 16,Wed,2024-03-13,Dortmund,Germany,2,0,The Netherlands,PSV Eindhoven,Signal Iduna Park,Daniele Orsato
2022-2023,Round of 16,Tue,2023-02-14,Milan,Italy,1,0,England,Tottenham,Stadio Giuseppe Meazza,Sandro Schärer
2022-2023,Round of 16,Tue,2023-02-14,Paris S-G,France,0,1,Germany,Bayern Munich,Parc des Princes,Michael Oliver
2022-2023,Round of 16,Wed,2023-02-15,Club Brugge,Belgium,0,2,Portugal,Benfica,Jan Breydelstadion,Davide Massa
2022-2023,Round of 16,Wed,2023-02-15,Dortmund,Germany,1,0,England,Chelsea,Signal Iduna Park,Jesús Gil
2022-2023,Round of 16,Tue,2023-02-21,Liverpool,England,2,5,Spain,Real Madrid,Anfield,István Kovács
2022-2023,Round of 16,Tue,2023-02-21,Eint Frankfurt,Germany,0,2,Italy,Napoli,Deutsche Bank Park,Artur Dias
2022-2023,Round of 16,Wed,2023-02-22,Inter,Italy,1,0,Portugal,Porto,Stadio Giuseppe Meazza,Srđan Jovanović
2022-2023,Round of 16,Wed,2023-02-22,RB Leipzig,Germany,1,1,England,Manchester City,Red Bull Arena,Serdar Gözübüyük
2022-2023,Round of 16,Tue,2023-03-07,Benfica,Portugal,5,1,Belgium,Club Brugge,Estádio do Sport Lisboa e Benfica,Halil Umut Meler
2022-2023,Round of 16,Tue,2023-03-07,Chelsea,England,2,0,Germany,Dortmund,Stamford Bridge,Danny Makkelie
2022-2023,Round of 16,Wed,2023-03-08,Tottenham,England,0,0,Italy,Milan,Tottenham Hotspur Stadium,Clément Turpin
2022-2023,Round of 16,Wed,2023-03-08,Bayern Munich,Germany,2,0,France,Paris S-G,Allianz Arena,Daniele Orsato
2022-2023,Round of 16,Tue,2023-03-14,Porto,Portugal,0,0,Italy,Inter,Estádio Do Dragão,Szymon Marciniak
2022-2023,Round of 16,Tue,2023-03-14,Manchester City,England,7,0,Germany,RB Leipzig,Etihad Stadium,Slavko Vinčič
2022-2023,Round of 16,Wed,2023-03-15,Real Madrid,Spain,1,0,England,Liverpool,Estadio Santiago Bernabéu,Felix Zwayer
2022-2023,Round of 16,Wed,2023-03-15,Napoli,Italy,3,0,Germany,Eint Frankfurt,Stadio Diego Armando Maradona,Anthony Taylor
2022-2023,Quarter-finals,Tue,2023-04-11,Benfica,Portugal,0,2,Italy,Inter,Estádio da Luz (1954),Michael Oliver
2022-2023,Quarter-finals,Tue,2023-04-11,Manchester City,England,3,0,Germany,Bayern Munich,Etihad Stadium,Jesús Gil
2022-2023,Quarter-finals,Wed,2023-04-12,Milan,Italy,1,0,Italy,Napoli,Stadio Giuseppe Meazza,István Kovács
2022-2023,Quarter-finals,Wed,2023-04-12,Real Madrid,Spain,2,0,England,Chelsea,Estadio Santiago Bernabéu,François Letexier
2022-2023,Quarter-finals,Tue,2023-04-18,Chelsea,England,0,2,Spain,Real Madrid,Stamford Bridge,Daniele Orsato
2022-2023,Quarter-finals,Tue,2023-04-18,Napoli,Italy,1,1,Italy,Milan,Stadio Diego Armando Maradona,Szymon Marciniak
2022-2023,Quarter-finals,Wed,2023-04-19,Inter,Italy,3,3,Portugal,Benfica,Stadio Giuseppe Meazza,Carlos del Cerro
2022-2023,Quarter-finals,Wed,2023-04-19,Bayern Munich,Germany,1,1,England,Manchester City,Allianz Arena,Clément Turpin
2022-2023,Semi-finals,Tue,2023-05-09,Real Madrid,Spain,1,1,England,Manchester City,Estadio Santiago Bernabéu,Artur Dias
2022-2023,Semi-finals,Wed,2023-05-10,Milan,Italy,0,2,Italy,Inter,Stadio Giuseppe Meazza,Jesús Gil
2022-2023,Semi-finals,Tue,2023-05-16,Inter,Italy,1,0,Italy,Milan,Stadio Giuseppe Meazza,Clément Turpin
2022-2023,Semi-finals,Wed,2023-05-17,Manchester City,England,4,0,Spain,Real Madrid,Etihad Stadium,Szymon Marciniak
2022-2023,Final,Sat,2023-06-10,Manchester City,England,1,0,Italy,Inter,Atatürk Olimpiyat Stadı (Neutral Site),Szymon Marciniak
2021-2022,Round of 16,Tue,2022-02-15,Sporting CP,Portugal,0,5,England,Manchester City,Estádio José Alvalade,Srdjan Stojanovic
2021-2022,Round of 16,Tue,2022-02-15,Paris S-G,France,1,0,Spain,Real Madrid,Parc des Princes,Daniele Orsato
2021-2022,Round of 16,Wed,2022-02-16,Inter,Italy,0,2,England,Liverpool,Stadio Giuseppe Meazza,Szymon Marciniak
2021-2022,Round of 16,Wed,2022-02-16,RB Salzburg,Austria,1,1,Germany,Bayern Munich,Red Bull Arena,Michael Oliver
2021-2022,Round of 16,Tue,2022-02-22,Chelsea,England,2,0,France,Lille,Stamford Bridge,Jesús Gil
2021-2022,Round of 16,Tue,2022-02-22,Villarreal,Spain,1,1,Italy,Juventus,Estadio de la Cerámica,Daniel Siebert
2021-2022,Round of 16,Wed,2022-02-23,Benfica,Portugal,2,2,The Netherlands,Ajax,Estádio do Sport Lisboa e Benfica,Slavko Vinčič
2021-2022,Round of 16,Wed,2022-02-23,Atlético Madrid,Spain,1,1,England,Manchester Utd,Estadio Wanda Metropolitano,Ovidiu Hațegan
2021-2022,Round of 16,Tue,2022-03-08,Liverpool,England,0,1,Italy,Inter,Anfield,Antonio Matéu Lahoz
2021-2022,Round of 16,Tue,2022-03-08,Bayern Munich,Germany,7,1,Austria,RB Salzburg,Allianz Arena,Clément Turpin
2021-2022,Round of 16,Wed,2022-03-09,Manchester City,England,0,0,Portugal,Sporting CP,Etihad Stadium,Halil Umut Meler
2021-2022,Round of 16,Wed,2022-03-09,Real Madrid,Spain,3,1,France,Paris S-G,Estadio Santiago Bernabéu,Danny Makkelie
2021-2022,Round of 16,Tue,2022-03-15,Manchester Utd,England,0,1,Spain,Atlético Madrid,Old Trafford,Slavko Vinčič
2021-2022,Round of 16,Tue,2022-03-15,Ajax,The Netherlands,0,1,Portugal,Benfica,Johan Cruyff ArenA,Carlos del Cerro
2021-2022,Round of 16,Wed,2022-03-16,Juventus,Italy,0,3,Spain,Villarreal,Allianz Stadium,Szymon Marciniak
2021-2022,Round of 16,Wed,2022-03-16,Lille,France,1,2,England,Chelsea,Stade Pierre-Mauroy,Davide Massa
2021-2022,Quarter-finals,Tue,2022-04-05,Manchester City,England,1,0,Spain,Atlético Madrid,Etihad Stadium,István Kovács
2021-2022,Quarter-finals,Tue,2022-04-05,Benfica,Portugal,1,3,England,Liverpool,Estádio do Sport Lisboa e Benfica,Jesús Gil
2021-2022,Quarter-finals,Wed,2022-04-06,Chelsea,England,1,3,Spain,Real Madrid,Stamford Bridge,Clément Turpin
2021-2022,Quarter-finals,Wed,2022-04-06,Villarreal,Spain,1,0,Germany,Bayern Munich,Estadio de la Cerámica,Anthony Taylor
2021-2022,Quarter-finals,Tue,2022-04-12,Real Madrid,Spain,2,3,England,Chelsea,Estadio Santiago Bernabéu,Szymon Marciniak
2021-2022,Quarter-finals,Tue,2022-04-12,Bayern Munich,Germany,1,1,Spain,Villarreal,Allianz Arena,Slavko Vinčič
2021-2022,Quarter-finals,Wed,2022-04-13,Liverpool,England,3,3,Portugal,Benfica,Anfield,Serdar Gözübüyük
2021-2022,Quarter-finals,Wed,2022-04-13,Atlético Madrid,Spain,0,0,England,Manchester City,Estadio Wanda Metropolitano,Daniel Siebert
2021-2022,Semi-finals,Tue,2022-04-26,Manchester City,England,4,3,Spain,Real Madrid,Etihad Stadium,István Kovács
2021-2022,Semi-finals,Wed,2022-04-27,Liverpool,England,2,0,Spain,Villarreal,Anfield,Szymon Marciniak
2021-2022,Semi-finals,Tue,2022-05-03,Villarreal,Spain,2,3,England,Liverpool,Estadio de la Cerámica,Danny Makkelie
2021-2022,Semi-finals,Wed,2022-05-04,Real Madrid,Spain,3,1,England,Manchester City,Estadio Santiago Bernabéu,Daniele Orsato
2021-2022,Final,Sat,2022-05-28,Liverpool,England,0,1,Spain,Real Madrid,Stade de France (Neutral Site),Clément Turpin
2020-2021,Round of 16,Tue,2021-02-16,RB Leipzig,Germany,0,2,England,Liverpool,Puskás Aréna (Neutral Site),Slavko Vinčič
2020-2021,Round of 16,Tue,2021-02-16,Barcelona,Spain,1,4,France,Paris S-G,Camp Nou,Björn Kuipers
2020-2021,Round of 16,Wed,2021-02-17,Porto,Portugal,2,1,Italy,Juventus,Estádio Do Dragão,Carlos del Cerro
2020-2021,Round of 16,Wed,2021-02-17,Sevilla,Spain,2,3,Germany,Dortmund,Estadio Ramón Sánchez Pizjuán,Danny Makkelie
2020-2021,Round of 16,Tue,2021-02-23,Lazio,Italy,1,4,Germany,Bayern Munich,Stadio Olimpico,Orel Grinfeeld
2020-2021,Round of 16,Tue,2021-02-23,Atlético Madrid,Spain,0,1,England,Chelsea,Arena Naţională (Neutral Site),Felix Brych
2020-2021,Round of 16,Wed,2021-02-24,M'Gladbach,Germany,0,2,England,Manchester City,Puskás Aréna (Neutral Site),Artur Soares Dias
2020-2021,Round of 16,Wed,2021-02-24,Atalanta,Italy,0,1,Spain,Real Madrid,Stadio Atleti Azzurri d'Italia,Tobias Stieler
2020-2021,Round of 16,Tue,2021-03-09,Dortmund,Germany,2,2,Spain,Sevilla,Fußballpark BVB Hohenbuschei,Cüneyt Çakιr
2020-2021,Round of 16,Tue,2021-03-09,Juventus,Italy,3,2,Portugal,Porto,Allianz Stadium,Björn Kuipers
2020-2021,Round of 16,Wed,2021-03-10,Liverpool,England,2,0,Germany,RB Leipzig,Puskás Aréna (Neutral Site),Clément Turpin
2020-2021,Round of 16,Wed,2021-03-10,Paris S-G,France,1,1,Spain,Barcelona,Parc des Princes,Anthony Taylor
2020-2021,Round of 16,Tue,2021-03-16,Manchester City,England,2,0,Germany,M'Gladbach,Puskás Aréna (Neutral Site),Sergey Karasev
2020-2021,Round of 16,Tue,2021-03-16,Real Madrid,Spain,3,1,Italy,Atalanta,Estadio Alfredo Di Stéfano,Danny Makkelie
2020-2021,Round of 16,Wed,2021-03-17,Chelsea,England,2,0,Spain,Atlético Madrid,Stamford Bridge,Daniele Orsato
2020-2021,Round of 16,Wed,2021-03-17,Bayern Munich,Germany,2,1,Italy,Lazio,Allianz Arena,István Kovács
2020-2021,Quarter-finals,Tue,2021-04-06,Manchester City,England,2,1,Germany,Dortmund,Etihad Stadium,Ovidiu Hațegan
2020-2021,Quarter-finals,Tue,2021-04-06,Real Madrid,Spain,3,1,England,Liverpool,Estadio Alfredo Di Stéfano,Felix Brych
2020-2021,Quarter-finals,Wed,2021-04-07,Porto,Portugal,0,2,England,Chelsea,Estadio Ramón Sánchez Pizjuán (Neutral Site),Slavko Vinčič
2020-2021,Quarter-finals,Wed,2021-04-07,Bayern Munich,Germany,2,3,France,Paris S-G,Allianz Arena,Antonio Matéu Lahoz
2020-2021,Quarter-finals,Tue,2021-04-13,Chelsea,England,0,1,Portugal,Porto,Estadio Ramón Sánchez Pizjuán (Neutral Site),Clément Turpin
2020-2021,Quarter-finals,Tue,2021-04-13,Paris S-G,France,0,1,Germany,Bayern Munich,Parc des Princes,Daniele Orsato
2020-2021,Quarter-finals,Wed,2021-04-14,Liverpool,England,0,0,Spain,Real Madrid,Anfield,Björn Kuipers
2020-2021,Quarter-finals,Wed,2021-04-14,Dortmund,Germany,1,2,England,Manchester City,Signal Iduna Park,Carlos del Cerro
2020-2021,Semi-finals,Tue,2021-04-27,Real Madrid,Spain,1,1,England,Chelsea,Estadio Alfredo Di Stéfano,Danny Makkelie
2020-2021,Semi-finals,Wed,2021-04-28,Paris S-G,France,1,2,England,Manchester City,Parc des Princes,Felix Brych
2020-2021,Semi-finals,Tue,2021-05-04,Manchester City,England,2,0,France,Paris S-G,Etihad Stadium,Björn Kuipers
2020-2021,Semi-finals,Wed,2021-05-05,Chelsea,England,2,0,Spain,Real Madrid,Stamford Bridge,Daniele Orsato
2020-2021,Final,Sat,2021-05-29,Manchester City,England,0,1,England,Chelsea,Estádio Do Dragão (Neutral Site),Antonio Matéu Lahoz
2019-2020,Round of 16,Tue,2020-02-18,Atlético Madrid,Spain,1,0,England,Liverpool,Estadio Wanda Metropolitano,Szymon Marciniak
2019-2020,Round of 16,Tue,2020-02-18,Dortmund,Germany,2,1,France,Paris S-G,Signal Iduna Park,Antonio Matéu Lahoz
2019-2020,Round of 16,Wed,2020-02-19,Tottenham,England,0,1,Germany,RB Leipzig,Tottenham Hotspur Stadium,Cüneyt Çakιr
2019-2020,Round of 16,Wed,2020-02-19,Atalanta,Italy,4,1,Spain,Valencia,Stadio Giuseppe Meazza,Michael Oliver
2019-2020,Round of 16,Tue,2020-02-25,Chelsea,England,0,3,Germany,Bayern Munich,Stamford Bridge,Clément Turpin
2019-2020,Round of 16,Tue,2020-02-25,Napoli,Italy,1,1,Spain,Barcelona,Stadio San Paolo,Felix Brych
2019-2020,Round of 16,Wed,2020-02-26,Real Madrid,Spain,1,2,England,Manchester City,Estadio Santiago Bernabéu,Daniele Orsato
2019-2020,Round of 16,Wed,2020-02-26,Lyon,France,1,0,Italy,Juventus,Groupama Stadium,Jesús Gil
2019-2020,Round of 16,Tue,2020-03-10,Valencia,Spain,3,4,Italy,Atalanta,Estadio de Mestalla,Ovidiu Hațegan
2019-2020,Round of 16,Tue,2020-03-10,RB Leipzig,Germany,3,0,England,Tottenham,Red Bull Arena,Carlos del Cerro
2019-2020,Round of 16,Wed,2020-03-11,Liverpool,England,2,3,Spain,Atlético Madrid,Anfield,Danny Makkelie
2019-2020,Round of 16,Wed,2020-03-11,Paris S-G,France,2,0,Germany,Dortmund,Parc des Princes,Anthony Taylor
2019-2020,Round of 16,Fri,2020-08-07,Manchester City,England,2,1,Spain,Real Madrid,Etihad Stadium,Felix Brych
2019-2020,Round of 16,Fri,2020-08-07,Juventus,Italy,2,1,France,Lyon,Allianz Stadium,Felix Zwayer
2019-2020,Round of 16,Sat,2020-08-08,Barcelona,Spain,3,1,Italy,Napoli,Camp Nou,Cüneyt Çakιr
2019-2020,Round of 16,Sat,2020-08-08,Bayern Munich,Germany,4,1,England,Chelsea,Allianz Arena,Ovidiu Hațegan
2019-2020,Quarter-finals,Wed,2020-08-12,Atalanta,Italy,1,2,France,Paris S-G,Estádio do Sport Lisboa e Benfica (Neutral Site),Anthony Taylor
2019-2020,Quarter-finals,Thu,2020-08-13,RB Leipzig,Germany,2,1,Spain,Atlético Madrid,Estádio José Alvalade (Neutral Site),Szymon Marciniak
2019-2020,Quarter-finals,Fri,2020-08-14,Barcelona,Spain,2,8,Germany,Bayern Munich,Estádio do Sport Lisboa e Benfica (Neutral Site),Damir Skomina
2019-2020,Quarter-finals,Sat,2020-08-15,Manchester City,England,1,3,France,Lyon,Estádio José Alvalade (Neutral Site),Danny Makkelie
2019-2020,Semi-finals,Tue,2020-08-18,RB Leipzig,Germany,0,3,France,Paris S-G,Estádio do Sport Lisboa e Benfica (Neutral Site),Björn Kuipers
2019-2020,Semi-finals,Wed,2020-08-19,Lyon,France,0,3,Germany,Bayern Munich,Estádio José Alvalade (Neutral Site),Antonio Matéu Lahoz
2019-2020,Final,Sun,2020-08-23,Paris S-G,France,0,1,Germany,Bayern Munich,Estádio do Sport Lisboa e Benfica (Neutral Site),Daniele Orsato
2018-2019,Round of 16,Tue,2019-02-12,Manchester Utd,England,0,2,France,Paris S-G,Old Trafford,Daniele Orsato
2018-2019,Round of 16,Tue,2019-02-12,Roma,Italy,2,1,Portugal,Porto,Stadio Olimpico,Jochem Kamphuis
2018-2019,Round of 16,Wed,2019-02-13,Tottenham,England,3,0,Germany,Dortmund,Wembley Stadium,Antonio Matéu Lahoz
2018-2019,Round of 16,Wed,2019-02-13,Ajax,The Netherlands,1,2,Spain,Real Madrid,Johan Cruyff ArenA,Szymon Marciniak
2018-2019,Round of 16,Tue,2019-02-19,Liverpool,England,0,0,Germany,Bayern Munich,Anfield,Gianluca Rocchi
2018-2019,Round of 16,Tue,2019-02-19,Lyon,France,0,0,Spain,Barcelona,Groupama Stadium,Cüneyt Çakιr
2018-2019,Round of 16,Wed,2019-02-20,Schalke 04,Germany,2,3,England,Manchester City,Veltins-Arena,Alejandro Hernández
2018-2019,Round of 16,Wed,2019-02-20,Atlético Madrid,Spain,2,0,Italy,Juventus,Estadio Wanda Metropolitano,Felix Zwayer
2018-2019,Round of 16,Tue,2019-03-05,Real Madrid,Spain,1,4,The Netherlands,Ajax,Estadio Santiago Bernabéu,Felix Brych
2018-2019,Round of 16,Tue,2019-03-05,Dortmund,Germany,0,1,England,Tottenham,Signal Iduna Park,Danny Makkelie
2018-2019,Round of 16,Wed,2019-03-06,Porto,Portugal,3,1,Italy,Roma,Estádio Do Dragão,Paweł Gil
2018-2019,Round of 16,Wed,2019-03-06,Paris S-G,France,1,3,England,Manchester Utd,Parc des Princes,Damir Skomina
2018-2019,Round of 16,Tue,2019-03-12,Manchester City,England,7,0,Germany,Schalke 04,Etihad Stadium,Clément Turpin
2018-2019,Round of 16,Tue,2019-03-12,Juventus,Italy,3,0,Spain,Atlético Madrid,Allianz Stadium,Björn Kuipers
2018-2019,Round of 16,Wed,2019-03-13,Bayern Munich,Germany,1,3,England,Liverpool,Allianz Arena,Daniele Orsato
2018-2019,Round of 16,Wed,2019-03-13,Barcelona,Spain,5,1,France,Lyon,Camp Nou,Szymon Marciniak
2018-2019,Quarter-finals,Tue,2019-04-09,Tottenham,England,1,0,England,Manchester City,Tottenham Hotspur Stadium,Björn Kuipers
2018-2019,Quarter-finals,Tue,2019-04-09,Liverpool,England,2,0,Portugal,Porto,Anfield,Antonio Matéu Lahoz
2018-2019,Quarter-finals,Wed,2019-04-10,Manchester Utd,England,0,1,Spain,Barcelona,Old Trafford,Gianluca Rocchi
2018-2019,Quarter-finals,Wed,2019-04-10,Ajax,The Netherlands,1,1,Italy,Juventus,Johan Cruyff ArenA,Carlos del Cerro
2018-2019,Quarter-finals,Tue,2019-04-16,Juventus,Italy,1,2,The Netherlands,Ajax,Allianz Stadium,Clément Turpin
2018-2019,Quarter-finals,Tue,2019-04-16,Barcelona,Spain,3,0,England,Manchester Utd,Camp Nou,Felix Brych
2018-2019,Quarter-finals,Wed,2019-04-17,Manchester City,England,4,3,England,Tottenham,Etihad Stadium,Cüneyt Çakιr
2018-2019,Quarter-finals,Wed,2019-04-17,Porto,Portugal,1,4,England,Liverpool,Estádio Do Dragão,Danny Makkelie
2018-2019,Semi-finals,Tue,2019-04-30,Tottenham,England,0,1,The Netherlands,Ajax,Tottenham Hotspur Stadium,Antonio Matéu Lahoz
2018-2019,Semi-finals,Wed,2019-05-01,Barcelona,Spain,3,0,England,Liverpool,Camp Nou,Björn Kuipers
2018-2019,Semi-finals,Tue,2019-05-07,Liverpool,England,4,0,Spain,Barcelona,Anfield,Cüneyt Çakιr
2018-2019,Semi-finals,Wed,2019-05-08,Ajax,The Netherlands,2,3,England,Tottenham,Johan Cruyff ArenA,Felix Brych
2018-2019,Final,Sat,2019-06-01,Tottenham,England,0,2,England,Liverpool,Estadio Wanda Metropolitano (Neutral Site),Damir Skomina
2017-2018,Round of 16,Tue,2018-02-13,Juventus,Italy,2,2,England,Tottenham,Allianz Stadium,Felix Brych
2017-2018,Round of 16,Tue,2018-02-13,Basel,Switzerland,0,4,England,Manchester City,St. Jakob-Park,Jonas Eriksson
2017-2018,Round of 16,Wed,2018-02-14,Porto,Portugal,0,5,England,Liverpool,Estádio Do Dragão,Daniele Orsato
2017-2018,Round of 16,Wed,2018-02-14,Real Madrid,Spain,3,1,France,Paris S-G,Estadio Ramón Sánchez Pizjuán,Gianluca Rocchi
2017-2018,Round of 16,Tue,2018-02-20,Chelsea,England,1,1,Spain,Barcelona,Stamford Bridge,Cüneyt Çakιr
2017-2018,Round of 16,Tue,2018-02-20,Bayern Munich,Germany,5,0,Türkiye,Beşiktaş,Allianz Arena,Ovidiu Hațegan
2017-2018,Round of 16,Wed,2018-02-21,Sevilla,Spain,0,0,England,Manchester Utd,Estadio Ramón Sánchez Pizjuán,Clément Turpin
2017-2018,Round of 16,Wed,2018-02-21,Shakhtar,Ukraine,2,1,Italy,Roma,Oblasny SportKomplex Metalist,William Collum
2017-2018,Round of 16,Tue,2018-03-06,Liverpool,England,0,0,Portugal,Porto,Anfield,Felix Zwayer
2017-2018,Round of 16,Tue,2018-03-06,Paris S-G,France,1,2,Spain,Real Madrid,Parc des Princes,Felix Brych
2017-2018,Round of 16,Wed,2018-03-07,Manchester City,England,1,2,Switzerland,Basel,Etihad Stadium,Pavel Královec
2017-2018,Round of 16,Wed,2018-03-07,Tottenham,England,1,2,Italy,Juventus,Wembley Stadium,Szymon Marciniak
2017-2018,Round of 16,Tue,2018-03-13,Manchester Utd,England,1,2,Spain,Sevilla,Old Trafford,Danny Makkelie
2017-2018,Round of 16,Tue,2018-03-13,Roma,Italy,1,0,Ukraine,Shakhtar,Stadio Olimpico,Alberto Undiano
2017-2018,Round of 16,Wed,2018-03-14,Beşiktaş,Türkiye,1,3,Germany,Bayern Munich,Vodafone Arena,Michael Oliver
2017-2018,Round of 16,Wed,2018-03-14,Barcelona,Spain,3,0,England,Chelsea,Camp Nou,Damir Skomina
2017-2018,Quarter-finals,Tue,2018-04-03,Sevilla,Spain,1,2,Germany,Bayern Munich,Estadio Ramón Sánchez Pizjuán,Daniele Orsato
2017-2018,Quarter-finals,Tue,2018-04-03,Juventus,Italy,0,3,Spain,Real Madrid,Allianz Stadium,Cüneyt Çakιr
2017-2018,Quarter-finals,Wed,2018-04-04,Liverpool,England,3,0,England,Manchester City,Anfield,Felix Brych
2017-2018,Quarter-finals,Wed,2018-04-04,Barcelona,Spain,4,1,Italy,Roma,Camp Nou,Danny Makkelie
2017-2018,Quarter-finals,Tue,2018-04-10,Manchester City,England,1,2,England,Liverpool,Etihad Stadium,Antonio Matéu Lahoz
2017-2018,Quarter-finals,Tue,2018-04-10,Roma,Italy,3,0,Spain,Barcelona,Stadio Olimpico,Clément Turpin
2017-2018,Quarter-finals,Wed,2018-04-11,Bayern Munich,Germany,0,0,Spain,Sevilla,Allianz Arena,William Collum
2017-2018,Quarter-finals,Wed,2018-04-11,Real Madrid,Spain,1,3,Italy,Juventus,Estadio Santiago Bernabéu,Michael Oliver
2017-2018,Semi-finals,Tue,2018-04-24,Liverpool,England,5,2,Italy,Roma,Anfield,Felix Brych
2017-2018,Semi-finals,Wed,2018-04-25,Bayern Munich,Germany,1,2,Spain,Real Madrid,Allianz Arena,Björn Kuipers
2017-2018,Semi-finals,Tue,2018-05-01,Real Madrid,Spain,2,2,Germany,Bayern Munich,Estadio Santiago Bernabéu,Cüneyt Çakιr
2017-2018,Semi-finals,Wed,2018-05-02,Roma,Italy,4,2,England,Liverpool,Stadio Olimpico,Damir Skomina
2017-2018,Final,Sat,2018-05-26,Real Madrid,Spain,3,1,England,Liverpool,NSK Olimpijs'kyj (Neutral Site),Milorad Mažić
2016-2017,Round of 16,Tue,2017-02-14,Benfica,Portugal,1,0,Germany,Dortmund,Estádio do Sport Lisboa e Benfica,Nicola Rizzoli
2016-2017,Round of 16,Tue,2017-02-14,Paris S-G,France,4,0,Spain,Barcelona,Parc des Princes,Szymon Marciniak
2016-2017,Round of 16,Wed,2017-02-15,Bayern Munich,Germany,5,1,England,Arsenal,Allianz Arena,Milorad Mažić
2016-2017,Round of 16,Wed,2017-02-15,Real Madrid,Spain,3,1,Italy,Napoli,Estadio Santiago Bernabéu,Damir Skomina
2016-2017,Round of 16,Tue,2017-02-21,Manchester City,England,5,3,France,Monaco,Etihad Stadium,Antonio Matéu Lahoz
2016-2017,Round of 16,Tue,2017-02-21,Leverkusen,Germany,2,4,Spain,Atlético Madrid,BayArena,William Collum
2016-2017,Round of 16,Wed,2017-02-22,Porto,Portugal,0,2,Italy,Juventus,Estádio Do Dragão,Felix Brych
2016-2017,Round of 16,Wed,2017-02-22,Sevilla,Spain,2,1,England,Leicester City,Estadio Ramón Sánchez Pizjuán,Clément Turpin
2016-2017,Round of 16,Tue,2017-03-07,Arsenal,England,1,5,Germany,Bayern Munich,Emirates Stadium,Tasos Sidiropoulos
2016-2017,Round of 16,Tue,2017-03-07,Napoli,Italy,1,3,Spain,Real Madrid,Stadio San Paolo,Cüneyt Çakιr
2016-2017,Round of 16,Wed,2017-03-08,Dortmund,Germany,4,0,Portugal,Benfica,Signal Iduna Park,Martin Atkinson
2016-2017,Round of 16,Wed,2017-03-08,Barcelona,Spain,6,1,France,Paris S-G,Camp Nou,Deniz Aytekin
2016-2017,Round of 16,Tue,2017-03-14,Leicester City,England,2,0,Spain,Sevilla,King Power Stadium,Daniele Orsato
2016-2017,Round of 16,Tue,2017-03-14,Juventus,Italy,1,0,Portugal,Porto,Allianz Stadium,Ovidiu Hațegan
2016-2017,Round of 16,Wed,2017-03-15,Atlético Madrid,Spain,0,0,Germany,Leverkusen,Estadio Vicente Calderón,Sergey Karasev
2016-2017,Round of 16,Wed,2017-03-15,Monaco,France,3,1,England,Manchester City,Stade Louis II.,Gianluca Rocchi
2016-2017,Quarter-finals,Tue,2017-04-11,Juventus,Italy,3,0,Spain,Barcelona,Allianz Stadium,Szymon Marciniak
2016-2017,Quarter-finals,Wed,2017-04-12,Dortmund,Germany,2,3,France,Monaco,Signal Iduna Park,Daniele Orsato
2016-2017,Quarter-finals,Wed,2017-04-12,Atlético Madrid,Spain,1,0,England,Leicester City,Estadio Vicente Calderón,Jonas Eriksson
2016-2017,Quarter-finals,Wed,2017-04-12,Bayern Munich,Germany,1,2,Spain,Real Madrid,Allianz Arena,Nicola Rizzoli
2016-2017,Quarter-finals,Tue,2017-04-18,Leicester City,England,1,1,Spain,Atlético Madrid,King Power Stadium,Gianluca Rocchi
2016-2017,Quarter-finals,Tue,2017-04-18,Real Madrid,Spain,4,2,Germany,Bayern Munich,Estadio Santiago Bernabéu,Viktor Kassai
2016-2017,Quarter-finals,Wed,2017-04-19,Monaco,France,3,1,Germany,Dortmund,Stade Louis II.,Damir Skomina
2016-2017,Quarter-finals,Wed,2017-04-19,Barcelona,Spain,0,0,Italy,Juventus,Camp Nou,Björn Kuipers
2016-2017,Semi-finals,Tue,2017-05-02,Real Madrid,Spain,3,0,Spain,Atlético Madrid,Estadio Santiago Bernabéu,Martin Atkinson
2016-2017,Semi-finals,Wed,2017-05-03,Monaco,France,0,2,Italy,Juventus,Stade Louis II.,Antonio Matéu Lahoz
2016-2017,Semi-finals,Tue,2017-05-09,Juventus,Italy,2,1,France,Monaco,Allianz Stadium,Björn Kuipers
2016-2017,Semi-finals,Wed,2017-05-10,Atlético Madrid,Spain,2,1,Spain,Real Madrid,Estadio Vicente Calderón,Cüneyt Çakιr
2016-2017,Final,Sat,2017-06-03,Juventus,Italy,1,4,Spain,Real Madrid,National Stadium (Neutral Site),Felix Brych
2015-2016,Round of 16,Tue,2016-02-16,Benfica,Portugal,1,0,Italy,ruZen,Estádio do Sport Lisboa e Benfica,Gianluca Rocchi
2015-2016,Round of 16,Tue,2016-02-16,Paris S-G,France,2,1,England,Chelsea,Parc des Princes,Carlos Velasco
2015-2016,Round of 16,Wed,2016-02-17,Roma,Italy,0,2,Spain,Real Madrid,Stadio Olimpico,Pavel Královec
2015-2016,Round of 16,Wed,2016-02-17,Gent,Belgium,2,3,Germany,Wolfsburg,GHELAMCO-arena,Svein Oddvar Moen
2015-2016,Round of 16,Tue,2016-02-23,Arsenal,England,0,2,Spain,Barcelona,Emirates Stadium,Cüneyt Çakιr
2015-2016,Round of 16,Tue,2016-02-23,Juventus,Italy,2,2,Germany,Bayern Munich,Allianz Stadium,Martin Atkinson
2015-2016,Round of 16,Wed,2016-02-24,PSV Eindhoven,The Netherlands,0,0,Spain,Atlético Madrid,Philips Stadion,Daniele Orsato
2015-2016,Round of 16,Wed,2016-02-24,Dynamo Kyiv,Ukraine,1,3,England,Manchester City,NSK Olimpijs'kyj,Antonio Matéu Lahoz
2015-2016,Round of 16,Tue,2016-03-08,Wolfsburg,Germany,1,0,Belgium,Gent,Volkswagen Arena,Damir Skomina
2015-2016,Round of 16,Tue,2016-03-08,Real Madrid,Spain,2,0,Italy,Roma,Estadio Santiago Bernabéu,Szymon Marciniak
2015-2016,Round of 16,Wed,2016-03-09,Chelsea,England,1,2,France,Paris S-G,Stamford Bridge,Felix Brych
2015-2016,Round of 16,Wed,2016-03-09,Zenit,Russia,1,2,Portugal,Benfica,Stadion Petrovskij,Viktor Kassai
2015-2016,Round of 16,Tue,2016-03-15,Manchester City,England,0,0,Ukraine,Dynamo Kyiv,Etihad Stadium,Ovidiu Hațegan
2015-2016,Round of 16,Tue,2016-03-15,Atlético Madrid,Spain,0,0,The Netherlands,PSV Eindhoven,Estadio Vicente Calderón,Mark Clattenburg
2015-2016,Round of 16,Wed,2016-03-16,Barcelona,Spain,3,1,England,Arsenal,Camp Nou,Sergey Karasev
2015-2016,Round of 16,Wed,2016-03-16,Bayern Munich,Germany,4,2,Italy,Juventus,Allianz Arena,Jonas Eriksson
2015-2016,Quarter-finals,Tue,2016-04-05,Bayern Munich,Germany,1,0,Portugal,Benfica,Allianz Arena,Szymon Marciniak
2015-2016,Quarter-finals,Tue,2016-04-05,Barcelona,Spain,2,1,Spain,Atlético Madrid,Camp Nou,Felix Brych
2015-2016,Quarter-finals,Wed,2016-04-06,Paris S-G,France,2,2,England,Manchester City,Parc des Princes,Milorad Mažić
2015-2016,Quarter-finals,Wed,2016-04-06,Wolfsburg,Germany,2,0,Spain,Real Madrid,Volkswagen Arena,Gianluca Rocchi
2015-2016,Quarter-finals,Tue,2016-04-12,Manchester City,England,1,0,France,Paris S-G,Etihad Stadium,Carlos Velasco
2015-2016,Quarter-finals,Tue,2016-04-12,Real Madrid,Spain,3,0,Germany,Wolfsburg,Estadio Santiago Bernabéu,Viktor Kassai
2015-2016,Quarter-finals,Wed,2016-04-13,Benfica,Portugal,2,2,Germany,Bayern Munich,Estádio do Sport Lisboa e Benfica,Björn Kuipers
2015-2016,Quarter-finals,Wed,2016-04-13,Atlético Madrid,Spain,2,0,Spain,Barcelona,Estadio Vicente Calderón,Nicola Rizzoli
2015-2016,Semi-finals,Tue,2016-04-26,Manchester City,England,0,0,Spain,Real Madrid,Etihad Stadium,Cüneyt Çakιr
2015-2016,Semi-finals,Wed,2016-04-27,Atlético Madrid,Spain,1,0,Germany,Bayern Munich,Estadio Vicente Calderón,Mark Clattenburg
2015-2016,Semi-finals,Tue,2016-05-03,Bayern Munich,Germany,2,1,Spain,Atlético Madrid,Allianz Arena,Cüneyt Çakιr
2015-2016,Semi-finals,Wed,2016-05-04,Real Madrid,Spain,1,0,England,Manchester City,Estadio Santiago Bernabéu,Damir Skomina
2015-2016,Final,Sat,2016-05-28,Real Madrid,Spain,1,1,Spain,Atlético Madrid,Stadio Giuseppe Meazza (Neutral Site),Mark Clattenburg
2014-2015,Round of 16,Tue,2015-02-17,Paris S-G,France,1,1,England,Chelsea,Parc des Princes,Cüneyt Çakιr
2014-2015,Round of 16,Tue,2015-02-17,Shakhtar,Ukraine,0,0,Germany,Bayern Munich,L'viv Arena,Alberto Undiano
2014-2015,Round of 16,Wed,2015-02-18,Basel,Switzerland,1,1,Portugal,Porto,St. Jakob-Park,Mark Clattenburg
2014-2015,Round of 16,Wed,2015-02-18,Schalke 04,Germany,0,2,Spain,Real Madrid,Veltins-Arena,Martin Atkinson
2014-2015,Round of 16,Tue,2015-02-24,Manchester City,England,1,2,Spain,Barcelona,Etihad Stadium,Felix Brych
2014-2015,Round of 16,Tue,2015-02-24,Juventus,Italy,2,1,Germany,Dortmund,Allianz Stadium,Antonio Matéu Lahoz
2014-2015,Round of 16,Wed,2015-02-25,Arsenal,England,1,3,France,Monaco,Emirates Stadium,Deniz Aytekin
2014-2015,Round of 16,Wed,2015-02-25,Leverkusen,Germany,1,0,Spain,Atlético Madrid,BayArena,Pavel Královec
2014-2015,Round of 16,Tue,2015-03-10,Porto,Portugal,4,0,Switzerland,Basel,Estádio Do Dragão,Jonas Eriksson
2014-2015,Round of 16,Tue,2015-03-10,Real Madrid,Spain,3,4,Germany,Schalke 04,Estadio Santiago Bernabéu,Damir Skomina
2014-2015,Round of 16,Wed,2015-03-11,Chelsea,England,2,2,France,Paris S-G,Stamford Bridge,Björn Kuipers
2014-2015,Round of 16,Wed,2015-03-11,Bayern Munich,Germany,7,0,Ukraine,Shakhtar,Allianz Arena,William Collum
2014-2015,Round of 16,Tue,2015-03-17,Monaco,France,0,2,England,Arsenal,Stade Louis II.,Svein Oddvar Moen
2014-2015,Round of 16,Tue,2015-03-17,Atlético Madrid,Spain,1,0,Germany,Leverkusen,Estadio Vicente Calderón,Nicola Rizzoli
2014-2015,Round of 16,Wed,2015-03-18,Dortmund,Germany,0,3,Italy,Juventus,Signal Iduna Park,Milorad Mažić
2014-2015,Round of 16,Wed,2015-03-18,Barcelona,Spain,1,0,England,Manchester City,Camp Nou,Gianluca Rocchi
2014-2015,Quarter-finals,Tue,2015-04-14,Juventus,Italy,1,0,France,Monaco,Allianz Stadium,Pavel Královec
2014-2015,Quarter-finals,Tue,2015-04-14,Atlético Madrid,Spain,0,0,Spain,Real Madrid,Estadio Vicente Calderón,Milorad Mažić
2014-2015,Quarter-finals,Wed,2015-04-15,Porto,Portugal,3,1,Germany,Bayern Munich,Estádio Do Dragão,Carlos Velasco
2014-2015,Quarter-finals,Wed,2015-04-15,Paris S-G,France,1,3,Spain,Barcelona,Parc des Princes,Mark Clattenburg
2014-2015,Quarter-finals,Tue,2015-04-21,Barcelona,Spain,2,0,France,Paris S-G,Camp Nou,Svein Oddvar Moen
2014-2015,Quarter-finals,Tue,2015-04-21,Bayern Munich,Germany,6,1,Portugal,Porto,Allianz Arena,Martin Atkinson
2014-2015,Quarter-finals,Wed,2015-04-22,Monaco,France,0,0,Italy,Juventus,Stade Louis II.,William Collum
2014-2015,Quarter-finals,Wed,2015-04-22,Real Madrid,Spain,1,0,Spain,Atlético Madrid,Estadio Santiago Bernabéu,Felix Brych
2014-2015,Semi-finals,Tue,2015-05-05,Juventus,Italy,2,1,Spain,Real Madrid,Allianz Stadium,Martin Atkinson
2014-2015,Semi-finals,Wed,2015-05-06,Barcelona,Spain,3,0,Germany,Bayern Munich,Camp Nou,Nicola Rizzoli
2014-2015,Semi-finals,Tue,2015-05-12,Bayern Munich,Germany,3,2,Spain,Barcelona,Allianz Arena,Mark Clattenburg
2014-2015,Semi-finals,Wed,2015-05-13,Real Madrid,Spain,1,1,Italy,Juventus,Estadio Santiago Bernabéu,Jonas Eriksson
2014-2015,Final,Sat,2015-06-06,Juventus,Italy,1,3,Spain,Barcelona,Olympiastadion Berlin (Neutral Site),Cüneyt Çakιr
2013-2014,Round of 16,Tue,2014-02-18,Manchester City,England,0,2,Spain,Barcelona,City of Manchester Stadium,Jonas Eriksson
2013-2014,Round of 16,Tue,2014-02-18,Leverkusen,Germany,0,4,France,Paris S-G,BayArena,Viktor Kassai
2013-2014,Round of 16,Wed,2014-02-19,Milan,Italy,0,1,Spain,Atlético Madrid,Stadio Giuseppe Meazza,Pedro Proença
2013-2014,Round of 16,Wed,2014-02-19,Arsenal,England,0,2,Germany,Bayern Munich,Arsenal Stadium,Nicola Rizzoli
2013-2014,Round of 16,Tue,2014-02-25,Zenit,Russia,2,4,Germany,Dortmund,Stadion Petrovski,William Collum
2013-2014,Round of 16,Tue,2014-02-25,Olympiacos,Greece,2,0,England,Manchester Utd,Stadio Georgios Karaiskakis,Gianluca Rocchi
2013-2014,Round of 16,Wed,2014-02-26,Schalke 04,Germany,1,6,Spain,Real Madrid,Arena AufSchalke,Howard Webb
2013-2014,Round of 16,Wed,2014-02-26,Galatasaray,Türkiye,1,1,England,Chelsea,Ali Sami Yen Spor Kompleksi,Velasco Carballo
2013-2014,Round of 16,Tue,2014-03-11,Atlético Madrid,Spain,4,1,Italy,Milan,Estadio Vicente Calderón,Mark Clattenburg
2013-2014,Round of 16,Tue,2014-03-11,Bayern Munich,Germany,1,1,England,Arsenal,Fußball Arena München,Svein Oddvar Moen
2013-2014,Round of 16,Wed,2014-03-12,Barcelona,Spain,2,1,England,Manchester City,Camp Nou,Stéphane Lannoy
2013-2014,Round of 16,Wed,2014-03-12,Paris S-G,France,2,1,Germany,Leverkusen,Parc des Princes,Ivan Bebek
2013-2014,Round of 16,Tue,2014-03-18,Real Madrid,Spain,3,1,Germany,Schalke 04,Estadio Santiago Bernabéu,Sergei Karasev
2013-2014,Round of 16,Tue,2014-03-18,Chelsea,England,2,0,Türkiye,Galatasaray,Stamford Bridge,Felix Brych
2013-2014,Round of 16,Wed,2014-03-19,Manchester Utd,England,3,0,Greece,Olympiacos,Old Trafford,Björn Kuipers
2013-2014,Round of 16,Wed,2014-03-19,Dortmund,Germany,1,2,Italy,ruZen,BVB Stadion Dortmund,Undiano Mallenco
2013-2014,Quarter-finals,Tue,2014-04-01,Manchester Utd,England,1,1,Germany,Bayern Munich,Old Trafford,Velasco Carballo
2013-2014,Quarter-finals,Tue,2014-04-01,Barcelona,Spain,1,1,Spain,Atlético Madrid,Camp Nou,Felix Brych
2013-2014,Quarter-finals,Wed,2014-04-02,Paris S-G,France,3,1,England,Chelsea,Parc des Princes,Milorad Mažić
2013-2014,Quarter-finals,Wed,2014-04-02,Real Madrid,Spain,3,0,Germany,Dortmund,Estadio Santiago Bernabéu,Mark Clattenburg
2013-2014,Quarter-finals,Tue,2014-04-08,Dortmund,Germany,2,0,Spain,Real Madrid,BVB Stadion Dortmund,Damir Skomina
2013-2014,Quarter-finals,Tue,2014-04-08,Chelsea,England,2,0,France,Paris S-G,Stamford Bridge,Pedro Proença
2013-2014,Quarter-finals,Wed,2014-04-09,Bayern Munich,Germany,3,1,England,Manchester Utd,Fußball Arena München,Jonas Eriksson
2013-2014,Quarter-finals,Wed,2014-04-09,Atlético Madrid,Spain,1,0,Spain,Barcelona,Estadio Vicente Calderón,Howard Webb
2013-2014,Semi-finals,Tue,2014-04-22,Atlético Madrid,Spain,0,0,England,Chelsea,Estadio Vicente Calderón,Jonas Eriksson
2013-2014,Semi-finals,Wed,2014-04-23,Real Madrid,Spain,1,0,Germany,Bayern Munich,Estadio Santiago Bernabéu,Howard Webb
2013-2014,Semi-finals,Tue,2014-04-29,Bayern Munich,Germany,0,4,Spain,Real Madrid,Fußball Arena München,Pedro Proença
2013-2014,Semi-finals,Wed,2014-04-30,Chelsea,England,1,3,Spain,Atlético Madrid,Stamford Bridge,Nicola Rizzoli
2013-2014,Final,Sat,2014-05-24,Real Madrid,Spain,4,1,Spain,Atlético Madrid,Estádio do Sport Lisboa e Benfica (Neutral Site),Björn Kuipers
2012-2013,Round of 16,Tue,2013-02-12,Valencia,Spain,1,2,France,Paris S-G,Estadi de Mestalla,Paolo Tagliavento
2012-2013,Round of 16,Tue,2013-02-12,Celtic,Scotland,0,3,Italy,Juventus,Celtic Park,Undiano Mallenco
2012-2013,Round of 16,Wed,2013-02-13,Shakhtar,Ukraine,2,2,Germany,Dortmund,Donbass Arena,Howard Webb
2012-2013,Round of 16,Wed,2013-02-13,Real Madrid,Spain,1,1,England,Manchester Utd,Estadio Santiago Bernabéu,Felix Brych
2012-2013,Round of 16,Tue,2013-02-19,Porto,Portugal,1,0,Spain,Málaga,Estádio do Dragão,Mark Clattenburg
2012-2013,Round of 16,Tue,2013-02-19,Arsenal,England,1,3,Germany,Bayern Munich,Arsenal Stadium,Svein Oddvar Moen
2012-2013,Round of 16,Wed,2013-02-20,Galatasaray,Türkiye,1,1,Germany,Schalke 04,Ali Sami Yen Spor Kompleksi,William Collum
2012-2013,Round of 16,Wed,2013-02-20,Milan,Italy,2,0,Spain,Barcelona,Stadio Giuseppe Meazza,Craig Thomson
2012-2013,Round of 16,Tue,2013-03-05,Manchester Utd,England,1,2,Spain,Real Madrid,Old Trafford,Cüneyt Çakır
2012-2013,Round of 16,Tue,2013-03-05,Dortmund,Germany,3,0,Ukraine,Shakhtar,BVB Stadion Dortmund,Damir Skomina
2012-2013,Round of 16,Wed,2013-03-06,Juventus,Italy,2,0,Scotland,Celtic,Juventus Stadium,Fırat Aydınus
2012-2013,Round of 16,Wed,2013-03-06,Paris S-G,France,1,1,Spain,Valencia,Parc des Princes,Milorad Mažić
2012-2013,Round of 16,Tue,2013-03-12,Schalke 04,Germany,2,3,Türkiye,Galatasaray,Arena AufSchalke,Jonas Eriksson
2012-2013,Round of 16,Tue,2013-03-12,Barcelona,Spain,4,0,Italy,Milan,Camp Nou,Viktor Kassai
2012-2013,Round of 16,Wed,2013-03-13,Málaga,Spain,2,0,Portugal,Porto,La Rosaleda,Nicola Rizzoli
2012-2013,Round of 16,Wed,2013-03-13,Bayern Munich,Germany,0,2,England,Arsenal,Fußball Arena München,Pavel Královec
2012-2013,Quarter-finals,Tue,2013-04-02,Bayern Munich,Germany,2,0,Italy,Juventus,Fußball Arena München,Mark Clattenburg
2012-2013,Quarter-finals,Tue,2013-04-02,Paris S-G,France,2,2,Spain,Barcelona,Parc des Princes,Wolfgang Stark
2012-2013,Quarter-finals,Wed,2013-04-03,Real Madrid,Spain,3,0,Türkiye,Galatasaray,Estadio Santiago Bernabéu,Svein Oddvar Moen
2012-2013,Quarter-finals,Wed,2013-04-03,Málaga,Spain,0,0,Germany,Dortmund,La Rosaleda,Jonas Eriksson
2012-2013,Quarter-finals,Tue,2013-04-09,Galatasaray,Türkiye,3,2,Spain,Real Madrid,Ali Sami Yen Spor Kompleksi,Stéphane Lannoy
2012-2013,Quarter-finals,Tue,2013-04-09,Dortmund,Germany,3,2,Spain,Málaga,BVB Stadion Dortmund,Craig Thomson
2012-2013,Quarter-finals,Wed,2013-04-10,Juventus,Italy,0,2,Germany,Bayern Munich,Juventus Stadium,Velasco Carballo
2012-2013,Quarter-finals,Wed,2013-04-10,Barcelona,Spain,1,1,France,Paris S-G,Camp Nou,Björn Kuipers
2012-2013,Semi-finals,Tue,2013-04-23,Bayern Munich,Germany,4,0,Spain,Barcelona,Fußball Arena München,Viktor Kassai
2012-2013,Semi-finals,Wed,2013-04-24,Dortmund,Germany,4,1,Spain,Real Madrid,BVB Stadion Dortmund,Björn Kuipers
2012-2013,Semi-finals,Tue,2013-04-30,Real Madrid,Spain,2,0,Germany,Dortmund,Estadio Santiago Bernabéu,Howard Webb
2012-2013,Semi-finals,Wed,2013-05-01,Barcelona,Spain,0,3,Germany,Bayern Munich,Camp Nou,Damir Skomina
2012-2013,Final,Sat,2013-05-25,Dortmund,Germany,1,2,Germany,Bayern Munich,Wembley Stadium (Neutral Site),Nicola Rizzoli
2011-2012,Round of 16,Tue,2012-02-14,Leverkusen,Germany,1,3,Spain,Barcelona,BayArena,Craig Thomson
2011-2012,Round of 16,Tue,2012-02-14,Lyon,France,1,0,Cyprus,APOEL FC,Stade de Gerland,Paolo Tagliavento
2011-2012,Round of 16,Wed,2012-02-15,Zenit,Russia,3,2,Portugal,Benfica,Stadion Petrovski,Jonas Eriksson
2011-2012,Round of 16,Wed,2012-02-15,Milan,Italy,4,0,England,Arsenal,Stadio Giuseppe Meazza,Viktor Kassai
2011-2012,Round of 16,Tue,2012-02-21,Napoli,Italy,3,1,England,Chelsea,Stadio San Paolo,Velasco Carballo
2011-2012,Round of 16,Tue,2012-02-21,CSKA Moscow,Russia,1,1,Spain,Real Madrid,Stadion Luzhniki,Björn Kuipers
2011-2012,Round of 16,Wed,2012-02-22,Marseille,France,1,0,Italy,Inter,Stade Vélodrome,Cüneyt Çakır
2011-2012,Round of 16,Wed,2012-02-22,Basel,Switzerland,1,0,Germany,Bayern Munich,St. Jakob,Nicola Rizzoli
2011-2012,Round of 16,Tue,2012-03-06,Benfica,Portugal,2,0,Italy,ruZen,Estádio do Sport Lisboa e Benfica,Howard Webb
2011-2012,Round of 16,Tue,2012-03-06,Arsenal,England,3,0,Italy,Milan,Arsenal Stadium,Damir Skomina
2011-2012,Round of 16,Wed,2012-03-07,APOEL FC,Cyprus,1,0,France,Lyon,GSP Stadium,Undiano Mallenco
2011-2012,Round of 16,Wed,2012-03-07,Barcelona,Spain,7,1,Germany,Leverkusen,Camp Nou,Svein Oddvar Moen
2011-2012,Round of 16,Tue,2012-03-13,Bayern Munich,Germany,7,0,Switzerland,Basel,Fußball Arena München,Mark Clattenburg
2011-2012,Round of 16,Tue,2012-03-13,Inter,Italy,2,1,France,Marseille,Stadio Giuseppe Meazza,Pedro Proença
2011-2012,Round of 16,Wed,2012-03-14,Real Madrid,Spain,4,1,Russia,CSKA Moscow,Estadio Santiago Bernabéu,Stéphane Lannoy
2011-2012,Round of 16,Wed,2012-03-14,Chelsea,England,4,1,Italy,Napoli,Stamford Bridge,Felix Brych
2011-2012,Quarter-finals,Tue,2012-03-27,Benfica,Portugal,0,1,England,Chelsea,Estádio do Sport Lisboa e Benfica,Paolo Tagliavento
2011-2012,Quarter-finals,Tue,2012-03-27,APOEL FC,Cyprus,0,3,Spain,Real Madrid,GSP Stadium,Felix Brych
2011-2012,Quarter-finals,Wed,2012-03-28,Milan,Italy,0,0,Spain,Barcelona,Stadio Giuseppe Meazza,Jonas Eriksson
2011-2012,Quarter-finals,Wed,2012-03-28,Marseille,France,0,2,Germany,Bayern Munich,Stade Vélodrome,Velasco Carballo
2011-2012,Quarter-finals,Tue,2012-04-03,Bayern Munich,Germany,2,0,France,Marseille,Fußball Arena München,Svein Oddvar Moen
2011-2012,Quarter-finals,Tue,2012-04-03,Barcelona,Spain,3,1,Italy,Milan,Camp Nou,Björn Kuipers
2011-2012,Quarter-finals,Wed,2012-04-04,Chelsea,England,2,1,Portugal,Benfica,Stamford Bridge,Damir Skomina
2011-2012,Quarter-finals,Wed,2012-04-04,Real Madrid,Spain,5,2,Cyprus,APOEL FC,Estadio Santiago Bernabéu,Gianluca Rocchi
2011-2012,Semi-finals,Tue,2012-04-17,Bayern Munich,Germany,2,1,Spain,Real Madrid,Fußball Arena München,Howard Webb
2011-2012,Semi-finals,Wed,2012-04-18,Chelsea,England,1,0,Spain,Barcelona,Stamford Bridge,Felix Brych
2011-2012,Semi-finals,Tue,2012-04-24,Barcelona,Spain,2,2,England,Chelsea,Camp Nou,Cüneyt Çakır
2011-2012,Semi-finals,Wed,2012-04-25,Real Madrid,Spain,2,1,Germany,Bayern Munich,Estadio Santiago Bernabéu,Viktor Kassai
2011-2012,Final,Sat,2012-05-19,Bayern Munich,Germany,1,1,England,Chelsea,Fußball Arena München (Neutral Site),Pedro Proença
2010-2011,Round of 16,Tue,2011-02-15,Valencia,Spain,1,1,Germany,Schalke 04,Estadi de Mestalla,Aleksei Nikolaev
2010-2011,Round of 16,Tue,2011-02-15,Milan,Italy,0,1,England,Tottenham,Stadio Giuseppe Meazza,Stéphane Lannoy
2010-2011,Round of 16,Wed,2011-02-16,Arsenal,England,2,1,Spain,Barcelona,Arsenal Stadium,Nicola Rizzoli
2010-2011,Round of 16,Wed,2011-02-16,Roma,Italy,2,3,Ukraine,Shakhtar,Stadio Olimpico,Olegário Benquerença
2010-2011,Round of 16,Tue,2011-02-22,Lyon,France,1,1,Spain,Real Madrid,Stade de Gerland,Wolfgang Stark
2010-2011,Round of 16,Tue,2011-02-22,FC Copenhagen,Denmark,0,2,England,Chelsea,Telia Parken,Björn Kuipers
2010-2011,Round of 16,Wed,2011-02-23,Inter,Italy,0,1,Germany,Bayern Munich,Stadio Giuseppe Meazza,Viktor Kassai
2010-2011,Round of 16,Wed,2011-02-23,Marseille,France,0,0,England,Manchester Utd,Stade Vélodrome,Felix Brych
2010-2011,Round of 16,Tue,2011-03-08,Barcelona,Spain,3,1,England,Arsenal,Camp Nou,Massimo Busacca
2010-2011,Round of 16,Tue,2011-03-08,Shakhtar,Ukraine,3,0,Italy,Roma,Donbass Arena,Howard Webb
2010-2011,Round of 16,Wed,2011-03-09,Tottenham,England,0,0,Italy,Milan,White Hart Lane,Frank de Bleeckere
2010-2011,Round of 16,Wed,2011-03-09,Schalke 04,Germany,3,1,Spain,Valencia,Arena AufSchalke,Jonas Eriksson
2010-2011,Round of 16,Tue,2011-03-15,Manchester Utd,England,2,1,France,Marseille,Old Trafford,Velasco Carballo
2010-2011,Round of 16,Tue,2011-03-15,Bayern Munich,Germany,2,3,Italy,Inter,Fußball Arena München,Pedro Proença
2010-2011,Round of 16,Wed,2011-03-16,Real Madrid,Spain,3,0,France,Lyon,Estadio Santiago Bernabéu,Damir Skomina
2010-2011,Round of 16,Wed,2011-03-16,Chelsea,England,0,0,Denmark,FC Copenhagen,Stamford Bridge,Svein Oddvar Moen
2010-2011,Quarter-finals,Tue,2011-04-05,Real Madrid,Spain,4,0,England,Tottenham,Estadio Santiago Bernabéu,Felix Brych
2010-2011,Quarter-finals,Tue,2011-04-05,Inter,Italy,2,5,Germany,Schalke 04,Stadio Giuseppe Meazza,Martin Atkinson
2010-2011,Quarter-finals,Wed,2011-04-06,Barcelona,Spain,5,1,Ukraine,Shakhtar,Camp Nou,Craig Thomson
2010-2011,Quarter-finals,Wed,2011-04-06,Chelsea,England,0,1,England,Manchester Utd,Stamford Bridge,Undiano Mallenco
2010-2011,Quarter-finals,Tue,2011-04-12,Shakhtar,Ukraine,0,1,Spain,Barcelona,Donbass Arena,Florian Meyer
2010-2011,Quarter-finals,Tue,2011-04-12,Manchester Utd,England,2,1,England,Chelsea,Old Trafford,Olegário Benquerença
2010-2011,Quarter-finals,Wed,2011-04-13,Tottenham,England,0,1,Spain,Real Madrid,White Hart Lane,Nicola Rizzoli
2010-2011,Quarter-finals,Wed,2011-04-13,Schalke 04,Germany,2,1,Italy,Inter,Arena AufSchalke,Damir Skomina
2010-2011,Semi-finals,Tue,2011-04-26,Schalke 04,Germany,0,2,England,Manchester Utd,Arena AufSchalke,Velasco Carballo
2010-2011,Semi-finals,Wed,2011-04-27,Real Madrid,Spain,0,2,Spain,Barcelona,Estadio Santiago Bernabéu,Wolfgang Stark
2010-2011,Semi-finals,Tue,2011-05-03,Barcelona,Spain,1,1,Spain,Real Madrid,Camp Nou,Frank de Bleeckere
2010-2011,Semi-finals,Wed,2011-05-04,Manchester Utd,England,4,1,Germany,Schalke 04,Old Trafford,Pedro Proença
2010-2011,Final,Sat,2011-05-28,Barcelona,Spain,3,1,England,Manchester Utd,Wembley Stadium (Neutral Site),Viktor Kassai
2009-2010,Round of 16,Tue,2010-02-16,Lyon,France,1,0,Spain,Real Madrid,Stade de Gerland,Martin Atkinson
2009-2010,Round of 16,Tue,2010-02-16,Milan,Italy,2,3,England,Manchester Utd,Stadio Giuseppe Meazza,Olegário Benquerença
2009-2010,Round of 16,Wed,2010-02-17,Porto,Portugal,2,1,England,Arsenal,Estádio do Dragão,Martin Hansson
2009-2010,Round of 16,Wed,2010-02-17,Bayern Munich,Germany,2,1,Italy,Fiorentina,Fußball Arena München,Tom Henning Øvrebø
2009-2010,Round of 16,Tue,2010-02-23,Olympiacos,Greece,0,1,France,Bordeaux,Stadio Georgios Karaiskakis,Howard Webb
2009-2010,Round of 16,Tue,2010-02-23,Stuttgart,Germany,1,1,Spain,Barcelona,VfB Arena,Björn Kuipers
2009-2010,Round of 16,Wed,2010-02-24,CSKA Moscow,Russia,1,1,Spain,Sevilla,Stadion Luzhniki,Felix Brych
2009-2010,Round of 16,Wed,2010-02-24,Inter,Italy,2,1,England,Chelsea,Stadio Giuseppe Meazza,Mejuto González
2009-2010,Round of 16,Tue,2010-03-09,Fiorentina,Italy,3,2,Germany,Bayern Munich,Stadio Artemio Franchi,Undiano Mallenco
2009-2010,Round of 16,Tue,2010-03-09,Arsenal,England,5,0,Portugal,Porto,Arsenal Stadium,Frank de Bleeckere
2009-2010,Round of 16,Wed,2010-03-10,Real Madrid,Spain,1,1,France,Lyon,Estadio Santiago Bernabéu,Nicola Rizzoli
2009-2010,Round of 16,Wed,2010-03-10,Manchester Utd,England,4,0,Italy,Milan,Old Trafford,Massimo Busacca
2009-2010,Round of 16,Tue,2010-03-16,Chelsea,England,0,1,Italy,Inter,Stamford Bridge,Wolfgang Stark
2009-2010,Round of 16,Tue,2010-03-16,Sevilla,Spain,1,2,Russia,CSKA Moscow,Estadio Ramón Sánchez Pizjuán,Viktor Kassai
2009-2010,Round of 16,Wed,2010-03-17,Bordeaux,France,2,1,Greece,Olympiacos,Stade Chaban,Olegário Benquerença
2009-2010,Round of 16,Wed,2010-03-17,Barcelona,Spain,4,0,Germany,Stuttgart,Camp Nou,Alain Hamer
2009-2010,Quarter-finals,Tue,2010-03-30,Bayern Munich,Germany,2,1,England,Manchester Utd,Fußball Arena München,Frank de Bleeckere
2009-2010,Quarter-finals,Tue,2010-03-30,Lyon,France,3,1,France,Bordeaux,Stade de Gerland,Felix Brych
2009-2010,Quarter-finals,Wed,2010-03-31,Inter,Italy,1,0,Russia,CSKA Moscow,Stadio Giuseppe Meazza,Howard Webb
2009-2010,Quarter-finals,Wed,2010-03-31,Arsenal,England,2,2,Spain,Barcelona,Arsenal Stadium,Massimo Busacca
2009-2010,Quarter-finals,Tue,2010-04-06,CSKA Moscow,Russia,0,1,Italy,Inter,Stadion Luzhniki,Stéphane Lannoy
2009-2010,Quarter-finals,Tue,2010-04-06,Barcelona,Spain,4,1,England,Arsenal,Camp Nou,Wolfgang Stark
2009-2010,Quarter-finals,Wed,2010-04-07,Bordeaux,France,1,0,France,Lyon,Stade Chaban,Undiano Mallenco
2009-2010,Quarter-finals,Wed,2010-04-07,Manchester Utd,England,3,2,Germany,Bayern Munich,Old Trafford,Nicola Rizzoli
2009-2010,Semi-finals,Tue,2010-04-20,Inter,Italy,3,1,Spain,Barcelona,Stadio Giuseppe Meazza,Olegário Benquerença
2009-2010,Semi-finals,Wed,2010-04-21,Bayern Munich,Germany,1,0,France,Lyon,Fußball Arena München,Roberto Rosetti
2009-2010,Semi-finals,Tue,2010-04-27,Lyon,France,0,3,Germany,Bayern Munich,Stade de Gerland,Massimo Busacca
2009-2010,Semi-finals,Wed,2010-04-28,Barcelona,Spain,1,0,Italy,Inter,Camp Nou,Frank de Bleeckere
2009-2010,Final,Sat,2010-05-22,Bayern Munich,Germany,0,2,Italy,Inter,Estadio Santiago Bernabéu (Neutral Site),Howard Webb
2008-2009,Round of 16,Tue,2009-02-24,Inter,Italy,0,0,England,Manchester Utd,Stadio Giuseppe Meazza,Medina Cantalejo
2008-2009,Round of 16,Tue,2009-02-24,Arsenal,England,1,0,Italy,Roma,Arsenal Stadium,Claus Bo Larsen
2008-2009,Round of 16,Tue,2009-02-24,Lyon,France,1,1,Spain,Barcelona,Stade de Gerland,Wolfgang Stark
2008-2009,Round of 16,Tue,2009-02-24,Atlético Madrid,Spain,2,2,Portugal,Porto,Estadio Vicente Calderón,Howard Webb
2008-2009,Round of 16,Wed,2009-02-25,Sporting CP,Portugal,0,5,Germany,Bayern Munich,José Alvalade,Bertrand Layec
2008-2009,Round of 16,Wed,2009-02-25,Chelsea,England,1,0,Italy,Juventus,Stamford Bridge,Olegário Benquerença
2008-2009,Round of 16,Wed,2009-02-25,Real Madrid,Spain,0,1,England,Liverpool,Estadio Santiago Bernabéu,Roberto Rosetti
2008-2009,Round of 16,Wed,2009-02-25,Villarreal,Spain,1,1,Greece,Panathinaikos,Estadio El Madrigal,Konrad Plautz
2008-2009,Round of 16,Tue,2009-03-10,Panathinaikos,Greece,1,2,Spain,Villarreal,OAKA Spiros Louis,Massimo Busacca
2008-2009,Round of 16,Tue,2009-03-10,Bayern Munich,Germany,7,1,Portugal,Sporting CP,Fußball Arena München,Martin Hansson
2008-2009,Round of 16,Tue,2009-03-10,Juventus,Italy,2,2,England,Chelsea,Stadio Olimpico,Undiano Mallenco
2008-2009,Round of 16,Tue,2009-03-10,Liverpool,England,4,0,Spain,Real Madrid,Anfield,Frank de Bleeckere
2008-2009,Round of 16,Wed,2009-03-11,Roma,Italy,1,0,England,Arsenal,Stadio Olimpico,Mejuto González
2008-2009,Round of 16,Wed,2009-03-11,Manchester Utd,England,2,0,Italy,Inter,Old Trafford,Wolfgang Stark
2008-2009,Round of 16,Wed,2009-03-11,Porto,Portugal,0,0,Spain,Atlético Madrid,Estádio do Dragão,Pieter Vink
2008-2009,Round of 16,Wed,2009-03-11,Barcelona,Spain,5,2,France,Lyon,Camp Nou,Tom Henning Øvrebø
2008-2009,Quarter-finals,Tue,2009-04-07,Villarreal,Spain,1,1,England,Arsenal,Estadio El Madrigal,Tom Henning Øvrebø
2008-2009,Quarter-finals,Tue,2009-04-07,Manchester Utd,England,2,2,Portugal,Porto,Old Trafford,Konrad Plautz
2008-2009,Quarter-finals,Wed,2009-04-08,Barcelona,Spain,4,0,Germany,Bayern Munich,Camp Nou,Howard Webb
2008-2009,Quarter-finals,Wed,2009-04-08,Liverpool,England,1,3,England,Chelsea,Anfield,Claus Bo Larsen
2008-2009,Quarter-finals,Tue,2009-04-14,Chelsea,England,4,4,England,Liverpool,Stamford Bridge,Medina Cantalejo
2008-2009,Quarter-finals,Tue,2009-04-14,Bayern Munich,Germany,1,1,Spain,Barcelona,Fußball Arena München,Roberto Rosetti
2008-2009,Quarter-finals,Wed,2009-04-15,Porto,Portugal,0,1,England,Manchester Utd,Estádio do Dragão,Massimo Busacca
2008-2009,Quarter-finals,Wed,2009-04-15,Arsenal,England,3,0,Spain,Villarreal,Arsenal Stadium,Wolfgang Stark
2008-2009,Semi-finals,Tue,2009-04-28,Barcelona,Spain,0,0,England,Chelsea,Camp Nou,Wolfgang Stark
2008-2009,Semi-finals,Wed,2009-04-29,Manchester Utd,England,1,0,England,Arsenal,Old Trafford,Claus Bo Larsen
2008-2009,Semi-finals,Tue,2009-05-05,Arsenal,England,1,3,England,Manchester Utd,Arsenal Stadium,Roberto Rosetti
2008-2009,Semi-finals,Wed,2009-05-06,Chelsea,England,1,1,Spain,Barcelona,Stamford Bridge,Tom Henning Øvrebø
2008-2009,Final,Wed,2009-05-27,Barcelona,Spain,2,0,England,Manchester Utd,Stadio Olimpico (Neutral Site),Massimo Busacca
2007-2008,Round of 16,Tue,2008-02-19,Schalke 04,Germany,1,0,Portugal,Porto,Arena AufSchalke,Laurent Duhamel
2007-2008,Round of 16,Tue,2008-02-19,Liverpool,England,2,0,Italy,Inter,Anfield,Frank de Bleeckere
2007-2008,Round of 16,Tue,2008-02-19,Roma,Italy,2,1,Spain,Real Madrid,Stadio Olimpico,Herbert Fandel
2007-2008,Round of 16,Tue,2008-02-19,Olympiacos,Greece,0,0,England,Chelsea,Stadio Georgios Karaiskakis,Konrad Plautz
2007-2008,Round of 16,Wed,2008-02-20,Arsenal,England,0,0,Italy,Milan,Arsenal Stadium,Claus Bo Larsen
2007-2008,Round of 16,Wed,2008-02-20,Celtic,Scotland,2,3,Spain,Barcelona,Celtic Park,Peter Fröjdfeldt
2007-2008,Round of 16,Wed,2008-02-20,Fenerbahçe,Türkiye,3,2,Spain,Sevilla,Şükrü Saracoğlu,Florian Meyer
2007-2008,Round of 16,Wed,2008-02-20,Lyon,France,1,1,England,Manchester Utd,Stade de Gerland,Medina Cantalejo
2007-2008,Round of 16,Tue,2008-03-04,Manchester Utd,England,1,0,France,Lyon,Old Trafford,Roberto Rosetti
2007-2008,Round of 16,Tue,2008-03-04,Sevilla,Spain,3,2,Türkiye,Fenerbahçe,Estadio Ramón Sánchez Pizjuán,Massimo Busacca
2007-2008,Round of 16,Tue,2008-03-04,Milan,Italy,0,2,England,Arsenal,Stadio Giuseppe Meazza,Konrad Plautz
2007-2008,Round of 16,Tue,2008-03-04,Barcelona,Spain,1,0,Scotland,Celtic,Camp Nou,Pieter Vink
2007-2008,Round of 16,Wed,2008-03-05,Porto,Portugal,1,0,Germany,Schalke 04,Estádio do Dragão,Howard Webb
2007-2008,Round of 16,Wed,2008-03-05,Chelsea,England,3,0,Greece,Olympiacos,Stamford Bridge,Mejuto González
2007-2008,Round of 16,Wed,2008-03-05,Real Madrid,Spain,1,2,Italy,Roma,Estadio Santiago Bernabéu,Kyros Vassaras
2007-2008,Round of 16,Tue,2008-03-11,Inter,Italy,0,1,England,Liverpool,Stadio Giuseppe Meazza,Tom Henning Øvrebø
2007-2008,Quarter-finals,Tue,2008-04-01,Schalke 04,Germany,0,1,Spain,Barcelona,Arena AufSchalke,Kyros Vassaras
2007-2008,Quarter-finals,Tue,2008-04-01,Roma,Italy,0,2,England,Manchester Utd,Stadio Olimpico,Frank de Bleeckere
2007-2008,Quarter-finals,Wed,2008-04-02,Arsenal,England,1,1,England,Liverpool,Arsenal Stadium,Pieter Vink
2007-2008,Quarter-finals,Wed,2008-04-02,Fenerbahçe,Türkiye,2,1,England,Chelsea,Şükrü Saracoğlu,Claus Bo Larsen
2007-2008,Quarter-finals,Tue,2008-04-08,Chelsea,England,2,0,Türkiye,Fenerbahçe,Stamford Bridge,Herbert Fandel
2007-2008,Quarter-finals,Tue,2008-04-08,Liverpool,England,4,2,England,Arsenal,Anfield,Peter Fröjdfeldt
2007-2008,Quarter-finals,Wed,2008-04-09,Barcelona,Spain,1,0,Germany,Schalke 04,Camp Nou,Roberto Rosetti
2007-2008,Quarter-finals,Wed,2008-04-09,Manchester Utd,England,1,0,Italy,Roma,Old Trafford,Tom Henning Øvrebø
2007-2008,Semi-finals,Tue,2008-04-22,Liverpool,England,1,1,England,Chelsea,Anfield,Konrad Plautz
2007-2008,Semi-finals,Wed,2008-04-23,Barcelona,Spain,0,0,England,Manchester Utd,Camp Nou,Massimo Busacca
2007-2008,Semi-finals,Tue,2008-04-29,Manchester Utd,England,1,0,Spain,Barcelona,Old Trafford,Herbert Fandel
2007-2008,Semi-finals,Wed,2008-04-30,Chelsea,England,3,2,England,Liverpool,Stamford Bridge,Roberto Rosetti
2007-2008,Final,Wed,2008-05-21,Manchester Utd,England,1,1,England,Chelsea,Stadion Luzhniki (Neutral Site),Ľuboš Michel
2006-2007,Round of 16,Tue,2007-02-20,Lille,France,0,1,England,Manchester Utd,Stade Félix,Eric Braamhaar
2006-2007,Round of 16,Tue,2007-02-20,Real Madrid,Spain,3,2,Germany,Bayern Munich,Estadio Santiago Bernabéu,Frank de Bleeckere
2006-2007,Round of 16,Tue,2007-02-20,Celtic,Scotland,0,0,Italy,Milan,Celtic Park,Terje Hauge
2006-2007,Round of 16,Tue,2007-02-20,PSV Eindhoven,The Netherlands,1,0,England,Arsenal,PSV Stadion,Tom Henning Øvrebø
2006-2007,Round of 16,Wed,2007-02-21,Porto,Portugal,1,1,England,Chelsea,Estádio do Dragão,Massimo Busacca
2006-2007,Round of 16,Wed,2007-02-21,Barcelona,Spain,1,2,England,Liverpool,Camp Nou,Kyros Vassaras
2006-2007,Round of 16,Wed,2007-02-21,Roma,Italy,0,0,France,Lyon,Stadio Olimpico,Mike Riley
2006-2007,Round of 16,Wed,2007-02-21,Inter,Italy,2,2,Spain,Valencia,Stadio Giuseppe Meazza,Martin Hansson
2006-2007,Round of 16,Tue,2007-03-06,Chelsea,England,2,1,Portugal,Porto,Stamford Bridge,Roberto Rosetti
2006-2007,Round of 16,Tue,2007-03-06,Liverpool,England,0,1,Spain,Barcelona,Anfield,Herbert Fandel
2006-2007,Round of 16,Tue,2007-03-06,Valencia,Spain,0,0,Italy,Inter,Estadi de Mestalla,Wolfgang Stark
2006-2007,Round of 16,Tue,2007-03-06,Lyon,France,0,2,Italy,Roma,Stade de Gerland,Mejuto González
2006-2007,Round of 16,Wed,2007-03-07,Manchester Utd,England,1,0,France,Lille,Old Trafford,Medina Cantalejo
2006-2007,Round of 16,Wed,2007-03-07,Arsenal,England,1,1,The Netherlands,PSV Eindhoven,Arsenal Stadium,Alain Hamer
2006-2007,Round of 16,Wed,2007-03-07,Bayern Munich,Germany,2,1,Spain,Real Madrid,Fußball Arena München,Ľuboš Michel
2006-2007,Round of 16,Wed,2007-03-07,Milan,Italy,1,0,Scotland,Celtic,Stadio Giuseppe Meazza,Konrad Plautz
2006-2007,Quarter-finals,Tue,2007-04-03,Milan,Italy,2,2,Germany,Bayern Munich,Stadio Giuseppe Meazza,Iouri Baskakov
2006-2007,Quarter-finals,Tue,2007-04-03,PSV Eindhoven,The Netherlands,0,3,England,Liverpool,PSV Stadion,Bertrand Layec
2006-2007,Quarter-finals,Wed,2007-04-04,Chelsea,England,1,1,Spain,Valencia,Stamford Bridge,Frank de Bleeckere
2006-2007,Quarter-finals,Wed,2007-04-04,Roma,Italy,2,1,England,Manchester Utd,Stadio Olimpico,Herbert Fandel
2006-2007,Quarter-finals,Tue,2007-04-10,Manchester Utd,England,7,1,Italy,Roma,Old Trafford,Ľuboš Michel
2006-2007,Quarter-finals,Tue,2007-04-10,Valencia,Spain,1,2,England,Chelsea,Estadi de Mestalla,Kyros Vassaras
2006-2007,Quarter-finals,Wed,2007-04-11,Bayern Munich,Germany,0,2,Italy,Milan,Fußball Arena München,Mejuto González
2006-2007,Quarter-finals,Wed,2007-04-11,Liverpool,England,1,0,The Netherlands,PSV Eindhoven,Anfield,Roberto Rosetti
2006-2007,Semi-finals,Tue,2007-04-24,Manchester Utd,England,3,2,Italy,Milan,Old Trafford,Kyros Vassaras
2006-2007,Semi-finals,Wed,2007-04-25,Chelsea,England,1,0,England,Liverpool,Stamford Bridge,Markus Merk
2006-2007,Semi-finals,Tue,2007-05-01,Liverpool,England,1,0,England,Chelsea,Anfield,Mejuto González
2006-2007,Semi-finals,Wed,2007-05-02,Milan,Italy,3,0,England,Manchester Utd,Stadio Giuseppe Meazza,Frank de Bleeckere
2006-2007,Final,Wed,2007-05-23,Milan,Italy,2,1,England,Liverpool,OAKA Spiros Louis (Neutral Site),Herbert Fandel
2005-2006,Round of 16,Tue,2006-02-21,Benfica,Portugal,1,0,England,Liverpool,Estádio do Sport Lisboa e Benfica,Konrad Plautz
2005-2006,Round of 16,Tue,2006-02-21,Real Madrid,Spain,0,1,England,Arsenal,Estadio Santiago Bernabéu,Stefano Farina
2005-2006,Round of 16,Tue,2006-02-21,Bayern Munich,Germany,1,1,Italy,Milan,Fußball Arena München,Frank de Bleeckere
2005-2006,Round of 16,Tue,2006-02-21,PSV Eindhoven,The Netherlands,0,1,France,Lyon,PSV Stadion,Kyros Vassaras
2005-2006,Round of 16,Wed,2006-02-22,Ajax,The Netherlands,2,2,Italy,Inter,Amsterdam ArenA,Wolfgang Stark
2005-2006,Round of 16,Wed,2006-02-22,Rangers,Scotland,2,2,Spain,Villarreal,Ibrox Stadium,Éric Poulat
2005-2006,Round of 16,Wed,2006-02-22,Chelsea,England,1,2,Spain,Barcelona,Stamford Bridge,Terje Hauge
2005-2006,Round of 16,Wed,2006-02-22,Werr Bremen,Germany,3,2,Italy,Juventus,Weserstadion,Mejuto González
2005-2006,Round of 16,Tue,2006-03-07,Barcelona,Spain,1,1,England,Chelsea,Camp Nou,Markus Merk
2005-2006,Round of 16,Tue,2006-03-07,Juventus,Italy,2,1,Germany,Werr Bremen,Delle Alpi,Graham Poll
2005-2006,Round of 16,Tue,2006-03-07,Villarreal,Spain,1,1,Scotland,Rangers,Estadio El Madrigal,Alain Hamer
2005-2006,Round of 16,Wed,2006-03-08,Arsenal,England,0,0,Spain,Real Madrid,Highbury,Ľuboš Michel
2005-2006,Round of 16,Wed,2006-03-08,Lyon,France,4,0,The Netherlands,PSV Eindhoven,Stade de Gerland,Mike Riley
2005-2006,Round of 16,Wed,2006-03-08,Milan,Italy,4,1,Germany,Bayern Munich,Stadio Giuseppe Meazza,Valentin Ivanov
2005-2006,Round of 16,Wed,2006-03-08,Liverpool,England,0,2,Portugal,Benfica,Anfield,Massimo De Santis
2005-2006,Round of 16,Tue,2006-03-14,Inter,Italy,1,0,The Netherlands,Ajax,Stadio Giuseppe Meazza,Peter Fröjdfeldt
2005-2006,Quarter-finals,Tue,2006-03-28,Arsenal,England,2,0,Italy,Juventus,Highbury,Peter Fröjdfeldt
2005-2006,Quarter-finals,Tue,2006-03-28,Benfica,Portugal,0,0,Spain,Barcelona,Estádio do Sport Lisboa e Benfica,Stephen Bennett
2005-2006,Quarter-finals,Wed,2006-03-29,Inter,Italy,2,1,Spain,Villarreal,Stadio Giuseppe Meazza,Alain Sars
2005-2006,Quarter-finals,Wed,2006-03-29,Lyon,France,0,0,Italy,Milan,Stade de Gerland,Konrad Plautz
2005-2006,Quarter-finals,Tue,2006-04-04,Villarreal,Spain,1,0,Italy,Inter,Estadio El Madrigal,Kyros Vassaras
2005-2006,Quarter-finals,Tue,2006-04-04,Milan,Italy,3,1,France,Lyon,Stadio Giuseppe Meazza,Terje Hauge
2005-2006,Quarter-finals,Wed,2006-04-05,Barcelona,Spain,2,0,Portugal,Benfica,Camp Nou,Ľuboš Michel
2005-2006,Quarter-finals,Wed,2006-04-05,Juventus,Italy,0,0,England,Arsenal,Delle Alpi,Herbert Fandel
2005-2006,Semi-finals,Tue,2006-04-18,Milan,Italy,0,1,Spain,Barcelona,Stadio Giuseppe Meazza,Alain Sars
2005-2006,Semi-finals,Wed,2006-04-19,Arsenal,England,1,0,Spain,Villarreal,Highbury,Konrad Plautz
2005-2006,Semi-finals,Tue,2006-04-25,Villarreal,Spain,0,0,England,Arsenal,Estadio El Madrigal,Valentin Ivanov
2005-2006,Semi-finals,Wed,2006-04-26,Barcelona,Spain,0,0,Italy,Milan,Camp Nou,Markus Merk
2005-2006,Final,Wed,2006-05-17,Barcelona,Spain,2,1,England,Arsenal,Stade de France (Neutral Site),Terje Hauge
2004-2005,Round of 16,Tue,2005-02-22,Liverpool,England,3,1,Germany,Leverkusen,Anfield,Kyros Vassaras
2004-2005,Round of 16,Tue,2005-02-22,Real Madrid,Spain,1,0,Italy,Juventus,Estadio Santiago Bernabéu,Ľuboš Michel
2004-2005,Round of 16,Tue,2005-02-22,PSV Eindhoven,The Netherlands,1,0,France,Monaco,PSV Stadion,Medina Cantalejo
2004-2005,Round of 16,Tue,2005-02-22,Bayern Munich,Germany,3,1,England,Arsenal,Olympiastadion,Kim Milton Nielsen
2004-2005,Round of 16,Wed,2005-02-23,Porto,Portugal,1,1,Italy,Inter,Estádio do Dragão,Graham Poll
2004-2005,Round of 16,Wed,2005-02-23,Barcelona,Spain,2,1,England,Chelsea,Camp Nou,Anders Frisk
2004-2005,Round of 16,Wed,2005-02-23,Manchester Utd,England,0,1,Italy,Milan,Old Trafford,Mejuto González
2004-2005,Round of 16,Wed,2005-02-23,Werr Bremen,Germany,0,3,France,Lyon,Weserstadion,Frank de Bleeckere
2004-2005,Round of 16,Tue,2005-03-08,Milan,Italy,1,0,England,Manchester Utd,Stadio Giuseppe Meazza,Herbert Fandel
2004-2005,Round of 16,Tue,2005-03-08,Chelsea,England,4,2,Spain,Barcelona,Stamford Bridge,Pierluigi Collina
2004-2005,Round of 16,Tue,2005-03-08,Lyon,France,7,2,Germany,Werr Bremen,Stade de Gerland,Valentin Ivanov
2004-2005,Round of 16,Wed,2005-03-09,Arsenal,England,1,0,Germany,Bayern Munich,Highbury,Massimo De Santis
2004-2005,Round of 16,Wed,2005-03-09,Juventus,Italy,2,0,Spain,Real Madrid,Delle Alpi,Markus Merk
2004-2005,Round of 16,Wed,2005-03-09,Monaco,France,0,2,The Netherlands,PSV Eindhoven,Stade Louis II,Stephen Bennett
2004-2005,Round of 16,Wed,2005-03-09,Leverkusen,Germany,1,3,England,Liverpool,BayArena,Alain Sars
2004-2005,Round of 16,Tue,2005-03-15,Inter,Italy,3,1,Portugal,Porto,Stadio Giuseppe Meazza,Terje Hauge
2004-2005,Quarter-finals,Tue,2005-04-05,Lyon,France,1,1,The Netherlands,PSV Eindhoven,Stade de Gerland,Pierluigi Collina
2004-2005,Quarter-finals,Tue,2005-04-05,Liverpool,England,2,1,Italy,Juventus,Anfield,Frank de Bleeckere
2004-2005,Quarter-finals,Wed,2005-04-06,Milan,Italy,2,0,Italy,Inter,Stadio Giuseppe Meazza,Alain Sars
2004-2005,Quarter-finals,Wed,2005-04-06,Chelsea,England,4,2,Germany,Bayern Munich,Stamford Bridge,René Temmink
2004-2005,Quarter-finals,Tue,2005-04-12,Bayern Munich,Germany,3,2,England,Chelsea,Olympiastadion,Mejuto González
2004-2005,Quarter-finals,Tue,2005-04-12,Inter,Italy,0,3,Italy,Milan,Stadio Giuseppe Meazza,Markus Merk
2004-2005,Quarter-finals,Wed,2005-04-13,Juventus,Italy,0,0,England,Liverpool,Delle Alpi,Valentin Ivanov
2004-2005,Quarter-finals,Wed,2005-04-13,PSV Eindhoven,The Netherlands,1,1,France,Lyon,PSV Stadion,Kim Milton Nielsen
2004-2005,Semi-finals,Tue,2005-04-26,Milan,Italy,2,0,The Netherlands,PSV Eindhoven,Stadio Giuseppe Meazza,Kyros Vassaras
2004-2005,Semi-finals,Wed,2005-04-27,Chelsea,England,0,0,England,Liverpool,Stamford Bridge,Alain Sars
2004-2005,Semi-finals,Tue,2005-05-03,Liverpool,England,1,0,England,Chelsea,Anfield,Ľuboš Michel
2004-2005,Semi-finals,Wed,2005-05-04,PSV Eindhoven,The Netherlands,3,1,Italy,Milan,PSV Stadion,Terje Hauge
2004-2005,Final,Wed,2005-05-25,Milan,Italy,3,3,England,Liverpool,Atatürk Olimpiyat Stadium (Neutral Site),Mejuto González
2003-2004,Round of 16,Tue,2004-02-24,Celta Vigo,Spain,2,3,England,Arsenal,Balaídos,Anders Frisk
2003-2004,Round of 16,Tue,2004-02-24,Bayern Munich,Germany,1,1,Spain,Real Madrid,Olympiastadion,Terje Hauge
2003-2004,Round of 16,Tue,2004-02-24,Sparta Prague,Czech Republic,0,0,Italy,Milan,Stadion Letná,Graham Poll
2003-2004,Round of 16,Tue,2004-02-24,Loko Moscow,Russia,2,1,France,Monaco,Stadion Lokomotiv,Mejuto González
2003-2004,Round of 16,Wed,2004-02-25,Porto,Portugal,2,1,England,Manchester Utd,Estádio do Dragão,Herbert Fandel
2003-2004,Round of 16,Wed,2004-02-25,Real Sociedad,Spain,0,1,France,Lyon,Anoeta,Massimo De Santis
2003-2004,Round of 16,Wed,2004-02-25,Stuttgart,Germany,0,1,England,Chelsea,VfB Arena,Kyros Vassaras
2003-2004,Round of 16,Wed,2004-02-25,La Coruña,Spain,1,0,Italy,Juventus,Estadio Municipal de Riazor,Gilles Veissière
2003-2004,Round of 16,Tue,2004-03-09,Lyon,France,1,0,Spain,Real Sociedad,Stade de Gerland,Mike Riley
2003-2004,Round of 16,Tue,2004-03-09,Manchester Utd,England,1,1,Portugal,Porto,Old Trafford,Valentin Ivanov
2003-2004,Round of 16,Tue,2004-03-09,Juventus,Italy,0,1,Spain,La Coruña,Delle Alpi,Ľuboš Michel
2003-2004,Round of 16,Tue,2004-03-09,Chelsea,England,0,0,Germany,Stuttgart,Stamford Bridge,Kim Milton Nielsen
2003-2004,Round of 16,Wed,2004-03-10,Arsenal,England,2,0,Spain,Celta Vigo,Highbury,Pierluigi Collina
2003-2004,Round of 16,Wed,2004-03-10,Milan,Italy,4,1,Czech Republic,Sparta Prague,Stadio Giuseppe Meazza,Markus Merk
2003-2004,Round of 16,Wed,2004-03-10,Monaco,France,1,0,Russia,Loko Moscow,Stade Louis II,Lucílio Batista
2003-2004,Round of 16,Wed,2004-03-10,Real Madrid,Spain,1,0,Germany,Bayern Munich,Estadio Santiago Bernabéu,Urs Meier
2003-2004,Quarter-finals,Tue,2004-03-23,Porto,Portugal,2,0,France,Lyon,Estádio do Dragão,Terje Hauge
2003-2004,Quarter-finals,Tue,2004-03-23,Milan,Italy,4,1,Spain,La Coruña,Stadio Giuseppe Meazza,Valentin Ivanov
2003-2004,Quarter-finals,Wed,2004-03-24,Chelsea,England,1,1,England,Arsenal,Stamford Bridge,Mejuto González
2003-2004,Quarter-finals,Wed,2004-03-24,Real Madrid,Spain,4,2,France,Monaco,Estadio Santiago Bernabéu,Ľuboš Michel
2003-2004,Quarter-finals,Tue,2004-04-06,Monaco,France,3,1,Spain,Real Madrid,Stade Louis II,Pierluigi Collina
2003-2004,Quarter-finals,Tue,2004-04-06,Arsenal,England,1,2,England,Chelsea,Highbury,Markus Merk
2003-2004,Quarter-finals,Wed,2004-04-07,Lyon,France,2,2,Portugal,Porto,Stade de Gerland,Anders Frisk
2003-2004,Quarter-finals,Wed,2004-04-07,La Coruña,Spain,4,0,Italy,Milan,Estadio Municipal de Riazor,Urs Meier
2003-2004,Semi-finals,Tue,2004-04-20,Monaco,France,3,1,England,Chelsea,Stade Louis II,Urs Meier
2003-2004,Semi-finals,Wed,2004-04-21,Porto,Portugal,0,0,Spain,La Coruña,Estádio do Dragão,Markus Merk
2003-2004,Semi-finals,Tue,2004-05-04,La Coruña,Spain,0,1,Portugal,Porto,Estadio Municipal de Riazor,Pierluigi Collina
2003-2004,Semi-finals,Wed,2004-05-05,Chelsea,England,2,2,France,Monaco,Stamford Bridge,Anders Frisk
2003-2004,Final,Wed,2004-05-26,Monaco,France,0,3,Portugal,Porto,Arena AufSchalke (Neutral Site),Kim Milton Nielsen
